gender,firstNames,lastNames
Male,Shane,Alcantar
Male,Trevon,Williams
Female,Autumn,Shields
Female,Kaliyah,el-Nagi
Male,Jacob,Wu
Female,Evelyn,Montgomery
Male,Hudhaifa,Demessie
Male,Joshua,Wallace
Male,Michael,Gorden
Male,Annnees,Kim
Male,Eric,el-Karim
Female,Maryissa,Howard
Male,Ondrey,Smith
Female,Kiana,Smith
Female,Tanaya,White
Male,Sharaf,Forbes
Female,Makenzie,Matthews
Male,Skylar,Urban
Male,Miqdaad,Tveter
Female,Chasity,Vallejos
Female,Juliet,Kakinari
Male,Lewis,Howell
Male,Jawaad,Guzman-Aragon
Male,Oscar,Savage Jr
Female,Jana,Hayes
Female,Jessica,al-Khalifa
Male,Weldon,Whitney-Smith
Female,Mallory,Mayville
Male,Azmi,Barraza
Female,Tsolmon,al-Noorani
Female,Allyssa,el-Suleiman
Male,Tyler,Melonas
Male,Bradley,Galvan
Male,Naazil,Rios
Male,Boris,Pautsch
Female,Karen,Tamir
Male,Noel,Cox
Female,Vaniesha,Gutierrez
Female,Desiree,Moreno
Male,Kevin,Inkhamfong
Female,Salwa,al-Qazi
Female,Alexis,Maier
Female,Phuong,Larribas
Male,Tyler,al-Sham
Female,Mya,Slowman
Male,Douglas,al-Begum
Male,Jaime,Garduno
Female,Mychal,al-Mansur
Female,Fakeeha,Goodell
Female,Rayven,Mark
Female,Sarahy,Vongkham
Female,Brianna,el-Badour
Male,Adnaan,Espinoza
Male,Christopher,el-Aboud
Male,Tristen,al-Jaffer
Male,Antonio,Schlose
Male,Jordan,Herrera
Male,Clifton,Chou
Male,Onaopepo,Brink
Male,Nicholas,Han
Female,Shakchhi,el-Hanif
Female,Paloma,Gilbert
Female,Erin,Strong
Female,Soua,el-Rashid
Male,Thaylor,Russell
Female,Reed,Banks-Harris
Male,Abdur Rahmaan,Vargas
Female,Andrea,Rundle
Male,Abdul Ghani,Ransom
Male,Adrian,Guill
Female,Shameema,al-Hoque
Male,Coleman,Pope
Male,Kyle,Pope
Male,Jeraldo,Guerette
Female,Elle-Han,Sowers
Female,Destiney,Horst
Female,Sabriyya,el-Bari
Male,Francesco,Moore
Male,Joshua,Howell
Female,Autumn,Lynott
Female,Bailey,el-Pashia
Female,Kathryn,Zhu
Male,Christopher,Winkler
Female,Que,Galassini
Male,Saami,Smith
Female,Hannah,Marynowski
Female,Juliana,Brown
Female,Carolyn,Grantham
Male,Rillard,Gonzalez
Female,Julia,Lanz
Female,Naaamorkor,Colson
Female,Lily,Delgado
Female,Karolyn,Lor
Male,Sky,Ruybal
Female,Clintasia,Lucero
Male,Raihaan,al-Salahuddin
Male,Samuel,Tran
Male,Dominic,Blackner
Female,Kifaaya,Salazar
Female,Sandra,Gurreri
Female,Lauren,Mellon
Male,Andrew,Quezada Reyna
Female,Lailanie,Albright-Linzy
Female,Teresa,el-Suleiman
Female,Marisa,Arellano
Male,Muslih,Rosas
Male,Henry,Lacy
Female,Reynu,Crane
Female,Sofia,el-Murad
Male,Tyler,Pebworth-Brown
Female,Destiny,el-Sharaf
Male,Isaac,Miller
Female,Jocelyn,Sandhagen
Female,Ashley,Romero
Female,Marissa,Mello
Male,Grant,Munoz
Male,Chad,Clayton
Male,Andres,Dasig
Male,Samih,al-Abdallah
Female,Sabrina,Carlson
Female,Awda,Hawkins
Male,Santos,Brown
Male,Waleed,Lopez
Male,Wajeeb,Watanabe
Male,Saevier,So
Female,Kaile,al-Abdelrahman
Male,Nawfal,Dougherty
Male,Kevin,al-Rahim
Female,Caitlyn,Juan
Female,Taqiyya,Grano
Female,Haleema,Ross
Male,Johnathan,Gall
Male,Saajid,Vue
Female,Hamdoona,Kendee
Male,Kade,Garcia
Female,Angelica,Stewart
Male,Malik,al-Shaheed
Male,Gabriel Saul,al-Saleh
Male,Jarryd,Brundage
Female,Saara,Pham
Female,Cristal,Cross
Male,Conrad,Durgan
Male,Jose,Russell
Female,Fikriyya,Weiss
Male,Gabriel,Kwag
Female,Wadha,Ortiz
Male,Angel,Rasmussen
Female,Jessica,Bradford
Female,Destiny,Lor
Female,Anna,Ascarrunz
Female,Heather,el-Hanif
Female,Jamillah,Smith
Female,Fuaada,Boucher
Male,Kyle,Guice
Male,Gerson,al-Javed
Female,Savannah,Ma
Female,Taylor,Zhang
Male,Sean,Sanchez
Female,Ka-Cee,Elgin
Female,Umaira,Kashefska
Male,Deangelo,el-Koroma
Male,Yeng,Sims
Female,Jesenia,Villegas
Male,Shaefer,Vasquez
Male,Tylor,Dieken
Female,Danielle,Anderson
Male,Cody,Smith
Male,Faadil,Mengesha
Male,Randall,Nguyen
Male,William,al-Mina
Female,Shameema,al-Kazi
Female,Susie,Ganem
Female,Alaina,Fields
Female,Najeeba,Rivera Mosqueda
Male,Tyrell,Mack
Male,Vincent,Davidson
Female,Carly,al-Hakim
Male,Dominique,Palmer
Female,Rashele,Root
Female,Chandler,el-Azam
Male,Jung Hoon,Maxey
Female,Mimi,Taylor Pensado
Male,Marzooq,Chavez
Female,Heather,Arrates
Male,Luwai,Mestas
Female,Mercedes,Cortez
Female,Nadheera,al-Halim
Male,Jasirii,al-Saber
Female,Aurora,el-Sani
Female,Mumtaaza,Zemach
Female,Jo,Reyher
Male,Peter,Santos
Female,Taeler,Santos
Male,Randy,Thoutt
Female,Kendra,Tarango Sandoval
Female,Priyanka,Pritchett
Male,Daniel,Wagner-Smith
Male,Toshal,el-Vohra
Male,Connor,Anderson
Female,Brenda,Thorpe
Female,Kaitlyn,al-Naqvi
Male,Abhinav,Snyder
Male,Anthony,el-Jabbar
Male,Ghaamid,Gantulga
Female,Christine,el-Nassif
Male,David,Patton
Male,Mathew,Lamb
Female,Brenda,Scott
Female,Mastoora,al-Mahmud
Female,Kelly,Lovato
Male,Dong Sung,Estudillo
Male,Yahya,Culpepper
Male,John,Begay
Male,Brandon,Begay
Female,Artinese,Zarkin
Female,Uyanga,el-Aman
Female,Lexi,Sharza
Male,Kelsey,Tran
Male,Jota,Ross
Male,Darrien,Jasper
Female,Elisa,Talley
Male,Newton,Mckinney
Male,Christopher,Almosawi
Male,David,Pacheco
Female,Abigail,Tarin
Female,Kinaana,Petrov
Male,Baaqir,el-Greiss
Female,Kiersten,el-Habeeb
Male,Rifaah,Wilson
Male,Kolten,Aslami
Female,Turfa,Spotton
Female,Lina,Muniz
Male,Gage,Thompson
Male,Khaleel,Patel
Male,Ryan,Davis
Female,Amber,Franco
Male,Javier,Gusta
Female,Kendell,Stamey-Carter
Male,Abdur Rasheed,Amanatullah
Male,Roger,al-Ammar
Female,Megan,Battumur
Male,Trevor,Nunez Cordero
Male,Jacob,Lang
Female,Marissa,Lawson
Female,Tiffani,Blair
Male,Amninder,Brave
Female,Sofia,Hernandez
Female,Tameema,Peil
Female,Kirsten,Lansing
Female,Melanie,Dizinno
Male,Carlee,Motazedi
Male,Marco,Jennings
Female,Rachel,Johnson
Female,Hissa,Kim
Male,Landon,Versteegt
Female,Kiarra,Medina
Female,Kelsey,Perkins
Female,Magnea,Dao
Female,Jade,Arellano
Female,Amy,Cisneros
Female,Gabriella,Page
Male,Collin,Steffens
Female,Esainea,Carter
Male,Isaiah,Sheafe
Female,Alysia,Gage
Male,Seth,Smith
Male,Mazeed,Martinez
Male,Marcus,Baum
Male,Kyle,Varghese
Female,Harmann,Carter
Female,Molly,Thames
Male,Hubert,al-Sinai
Male,Izaak,Herrera
Female,Hailey,Antolin
Male,Donte,Mcintosh
Male,Kaylen,Hazelman
Male,Aaron,Alarid
Female,Ashley,el-Masri
Male,Christopher,Anaya
Female,Muzaina,Smythe
Female,Haajara,Sinden
Male,Luqmaan,Cruz
Female,Aliyya,Martinez-Wright
Male,Max,Blackmon
Male,Jarrod,Joseph
Male,Colton,el-Alli
Male,Cartrell,Gomez-Carrillo
Male,Roy,Irish
Male,Charles,Lim
Female,Jameika,el-Shaheen
Female,Ayala,Kwon
Male,Jesus,Laclay
Female,Genevieve,Garcia
Male,Chaunsae,Regenold
Male,Rene,Gallarza
Male,Brandon,Thompson
Male,Daniel,Strait
Female,Amanda,Mujkic
Female,Morgan,Acosta
Female,Harleigh,Barcelona
Male,Kashaun,el-Shareef
Male,Marcello,Galvez
Female,Jeneba,Gallegos
Female,Kaili,Churelchuluun
Male,Aidan,al-Beshara
Female,Michelle,Ishii
Male,Anthony,Morales
Female,Stephanie,Daniels
Male,Christopher,al-Moghaddam
Male,Erik,Younger
Male,Anthony,Le
Female,Samara,Bluford
Female,Teresa,Bunch
Male,Shawqi,Palomino
Male,Nehemiah,Heaton
Female,Johnquetta,Reed
Female,Raaniya,Tran
Female,Nu'ma,Smith
Male,Marcello,Reiss
Male,Muaaid,Colson
Female,Karina,Alvarado
Female,Pragna,Hintz
Male,Pedro,Leon
Male,Thomas,Nelson
Female,Shantel,Mackey
Female,Maya,Negrete
Male,Deven,Babauta
Male,Jose,el-Mirza
Female,Radwa,el-Salih
Male,Ty,Maldonado Mendoza
Female,Rayyana,al-Noori
Female,Nicole,Junta
Female,Elise,Vasquez
Female,Kyrri,Charley
Male,William,Khuu
Male,Lamont,Boyarskaya
Female,Sequoia,Feistel
Male,Christopher,al-Hakeem
Female,Terrell,Houser
Female,Shanice,Rossman
Male,Gerardo,Martin
Female,Breanna,Cordova
Male,Kyle,Fernau
Female,Kawkab,Wingo
Female,Tenai,Duran
Male,Isaiah,Miller
Female,Angela,Pint
Male,Shaakir,Mccarthy
Female,Kristin,Kibozi
Male,Sam,al-Farah
Female,Naqaa,Sanchez
Female,Monica,Torres
Male,Gabriel,el-Aziz
Female,Chantri,el-Mohammed
Female,Charley,Gurreri
Male,Yahya,Wright
Male,Gordon,Lucero
Male,Chuan-Kun,La
Male,China,Way
Female,Vanessa,Sumpter
Female,Jael,Vides
Male,X'Zavion,el-Karimi
Female,Abigail,Russell
Male,Dontay,Smith
Male,Gordon,Dial
Male,Kalle,Radebaugh
Male,Faatih,Hess
Male,Leonardo,Quintana
Male,Howard,el-Mir
Female,Gabriella,Rademacher
Male,Caleb,Brown
Male,Jeffrey,Mills
Male,Razeen,Kreul
Male,Talaal,Harris
Male,David,Rupp
Male,Jeremiah,Mendoza
Male,Marques,Schwarz-Vacca
Male,Craig,Garcia
Female,Hasana,Acosta
Female,Shauna,Stabile
Male,Easten,Cabrera-Ramirez
Female,Nicole,Villagomez
Female,Mei,West
Female,Mileena,Gutierrez
Male,Farley,Kelley
Male,Atif,Lopez
Male,Brandon,Mosley
Male,Tyler,Spruell
Female,Julia,al-Samara
Female,Maggie,Gapp
Female,Anay,Bubke
Female,Kayla,el-Zaki
Male,Dominic,Whitehead
Male,Andrew,Marquez
Female,Elizabeth,el-Ghazal
Female,Veronica,Alvarez
Male,Kosuke,Aguilar Varela
Female,Victoria,Jones
Female,Jessica,al-Shad
Male,Jacob,Strand
Male,Alexander,Mcheard
Female,Hafsa,Lindauer
Male,Mubashshir,al-Galla
Female,Paige,Nixon
Female,Maliyah,Gorgon Delgado
Female,Martia,al-Ghattas
Female,Thaamira,Vang
Male,Darrel,el-Mona
Male,Maisoon,Lopez
Female,Haleigh,Martinez
Female,Monet,Moseley
Male,John,Mohan
Male,Phillip,al-Javed
Male,Jose,Tamura
Female,Lara,Hanne
Male,Shaqeeq,Jantz
Male,Lang,Nguyen
Female,Savannah,Owens
Male,Quinton,al-Madani
Male,Haazim,al-Tamer
Female,Janaya,Giang
Female,Abigail,Karmacharya
Female,Hamdoona,Munguia Villa
Male,Aayid,Coate
Female,Emily,Ybarra
Male,Keanu,Solano
Male,Desmas,Hamlin
Male,Draven,Anderson
Female,Aqeela,Atwood
Male,James,Jesudason
Male,Cameron,Carias
Female,Rose,Mogliolo
Female,Tonja,Matsumoto
Male,Marwaan,Thompson
Male,Cyrill,el-Shams
Male,Jermaine,el-Samra
Female,Ashley,al-Shah
Female,Shamaail,Sandhu
Female,Amy,Joseph
Female,Tina,al-Hatem
Female,Deandra,el-Shahidi
Male,Jeremiah,Morrell
Female,Nicol,Laudel
Female,Jennifer,Shin
Female,Stephanie,Coad
Female,Bre'Anna,Smrekar
Female,Mazeeda,Benjamin
Male,Shaelumiel,Perez
Female,Katherine,Olson
Female,Naomi,Taylor
Male,Ryan,Schultz
Female,Cheyenne,Tizon
Male,Dallas,Ramirez
Male,Andrew,Bruch
Male,Hilmi,Yamasaki
Male,Wajeeh,Eiskina
Female,Sajiyya,Schumacher
Female,Inaaya,Schick
Male,Stephen,el-Siddiqi
Female,Riley,Bickel
Male,Cameron,Coleman
Female,Hishma,Smith
Male,Joshua,el-Koroma
Male,Antonio,Schermer
Female,Wasmaaa,Jennings
Female,Victoria,Williams
Female,Angela,Alferos
Male,Zachary,Watkins
Female,Legacy,Brewster
Female,Anjelique,Suarez
Female,Jessica,Jackson
Male,Verut,Suh
Male,Alfred,Bell
Female,Josie,Phillips
Male,Hamza,Roberts
Male,Xavier,Roth
Male,Rafael,Cobb
Female,Cheyenne,el-Shafi
Male,Walter,Gines
Male,Chase,Brown
Female,Sade,Lerum
Female,Cassidy,Aragon
Male,Victor,Mares
Female,Abigail,Quint-Crowley
Female,Carolyn,Thomas
Female,Kayla,al-Meer
Male,Hayato,Watson
Male,Davieon,el-Hares
Female,Makenna,Iron Cloud
Female,Tayanna,el-Hashem
Male,Joseph,Schwenke
Male,Byunghyun,el-Sala
Male,Cody,Than
Female,Samantha,Martinez
Male,Sean,Drozdowski
Female,Chelsea,el-Beydoun
Female,Alaura,Macdonald
Female,Waajida,el-Noor
Male,Jesse,Kersey
Male,Christopher,el-Huda
Female,Jennifer,Nguyen
Female,Vanessa,Engerman
Male,Luis,el-Ebrahim
Male,Nolyn,Venegas Sosa
Male,Anthony,al-Abdul
Female,Mallory,Lunning
Male,Ramalaan,Gay
Male,Jazen,Mayer
Female,Mahmooda,Huang
Female,Chu Ming Min,al-Aslam
Female,Kayla,Mellon
Male,Michael,Eads
Male,Zechariah,Foley-Stockton
Female,Samaria,Jones
Female,Shaamila,Zhang
Female,Maleeha,Agee-Woods
Female,Lan,el-Tariq
Male,Dylan,Yampolskaya
Male,Abdul Lateef,Trevino
Female,Giau,al-Semaan
Male,Juan,Black
Female,Muntaha,al-Samad
Female,Erin,Gutierrez
Male,David,Nguyen
Male,Quincy,Pigford
Male,Jesus,Berg
Male,Joseph,Lucero-Roller
Female,Tara,Rupp
Male,Jerad,el-Ebrahimi
Male,Arjun,Chhay
Female,Muhjar,Root
Male,Tyjon,Greene
Female,Cristal,Bornhoft
Male,Fat'hi,Batra
Female,Quanisha,Kadarisman
Female,Shabeeba,Aragon
Female,Mallori,Quintero
Female,Jessica,Park
Male,Arkaan,al-Dawood
Female,Keyonna,White
Female,Zulfa,al-Haidar
Male,Jacob,el-Jan
Male,Robert,Askins
Male,William,Johnson
Male,Ereg,Beverly
Female,Nastashia,Ngochi
Male,Muslim,al-Salahuddin
Female,Rachell,Haring
Female,Heather,Lam
Male,Richard,Miyake
Male,Richard,Degena
Female,Hsi Hsi,Dang
Male,Derek,el-Kazmi
Female,Hanaaa,Curry
Male,Razeen,Rodriquez
Female,Rana,Myers
Female,Naadiya,Lindsay
Male,Sergio,Loftin
Female,Shukriyya,Robertson
Male,Maurice,Brooks
Female,Michelle,Edmonds
Female,Davianna,Thomas
Female,Amber,May
Male,Scott,Schmidt
Female,Mayyaada,al-Samra
Male,Hamza,West
Male,James,Schreiber
Female,Hannah,Sok
Female,Amber,Medina
Female,Reeanna,Moore
Male,Sahl,el-Khalili
Female,Amanda,al-Faraj
Female,Erin,Kay
Male,Stephen,Fryer
Male,Sohail,Archambault
Female,Itzel,Alberts
Female,Mary,Vanstraten
Male,Seth,Rosenbrock
Female,Amanda,el-Mansoor
Female,Alexa,Green
Male,Ryan,Meeks
Male,Rodney,Young
Male,Robert,Johnson
Female,Mayra,Herde
Female,Waheeba,Haynie
Female,Karina,Alires Medina
Male,Teddy,Allen
Female,Shayna,Hernandez Cabral
Female,Tiffany,Lottie
Female,Lisa,Le
Female,Dana,Godoy
Male,Brandon,Trindade
Male,Jawhar,Flores
Male,Quincy,Allen
Male,Hunter,al-Tamer
Male,Matthew,Wilson-Perez
Female,Arianne,al-Naim
Male,Shabaan,Rivera
Male,Dominique,Wysocki
Male,Erick,Fernandez Gonzalez
Male,Fateen,Nguyen
Female,Mikaela,Guevara
Female,Darnisha,Maker
Female,Kinaana,Carroll
Male,Wolfgang,Perales
Male,Diego,Khuu
Female,Whisper,Gray
Female,Taylor,Falor
Male,Zubair,Martinez
Male,Raaid,Sath
Male,Abbaad,Estrada
Female,Ghaaliba,Keith
Female,Katelyn,Yim
Female,Christine,Moss
Male,Jerrimy,Redell
Female,Shabeeba,Peterson
Male,Jordan,Palmier
Male,Corey,Mata
Male,Lyndon,al-Sham
Female,Briana,Mangat
Male,Rafael,Esquibel
Female,Gabrielle,Gallegos
Female,Amanda,el-Bacchus
Female,Ashlie,el-Noori
Female,Wasmaaa,al-Iman
Male,Jordan,Weston
Female,Eloise,el-Taha
Male,Keishawn,Navares
Male,Mitchell,Nguyen
Male,Ihaab,Briseno
Male,Timothy,Ruiz Nevarez
Female,Shahaama,al-Shakoor
Male,Deljerro,el-Omer
Male,Brian,Traylor
Female,Shaniya,el-Habibi
Male,Khaleefa,Granados Garcia
Female,Alysse,Meyerhofer
Female,Nabria,Haywood-Morimitsu
Female,Diamond,Perez
Female,Sara,Dinae
Male,Kyle,Marion
Male,Jordan,Long
Female,Cherokee,Mundorf
Male,Chadrick,el-Matin
Female,Julia,Cisse
Male,Zaamil,al-Rad
Male,Cesar,Brutout
Male,Jamile,Rosales-Burciaga
Male,Naasif,Ishii
Female,Shaqeeqa,Wagner
Male,Stephan,al-Bashara
Male,Alexander,Estrada
Female,Amatullah,Griggs
